{"Level 1-0": {"level": 1, "scoring_method": "blosum", "training_rewards": [-522.4666666666667, -201.48333333333335, -825.5833333333334, 95.7, -107.58333333333333, -616.3166666666667, -306.98333333333335, -420.56666666666666, -305.2, -521.3166666666666, -318.5333333333333, -89.31666666666666, -417.7833333333333, -619.0666666666667, -303.3, -208.48333333333332, -416.85, -518.05, -418.81666666666666, -219.0, -414.18333333333334, -620.2166666666667, -621.1333333333333, -220.08333333333331, -718.1833333333333, -110.58333333333334, -316.7833333333333, -408.0833333333333, -409.48333333333335, -112.9, -209.38333333333333, -318.1166666666667, 99.38333333333334, -313.7, -415.0333333333333, -515.05, -222.71666666666667, -405.3666666666667, -620.1666666666666, -308.4666666666667, -413.15, -204.56666666666666, -618.7666666666667, -520.7166666666667, -201.46666666666667, -114.98333333333332, -214.15, -202.71666666666667, -204.33333333333334, 86.3, -212.41666666666666, 90.51666666666668, -207.36666666666667, -618.2666666666667, 96.9, 98.05, -103.35, 106.80000000000001, 94.9, 92.93333333333334, 100.98333333333332, 111.93333333333334, 98.93333333333334, -603.3833333333333, 82.78333333333333, -107.01666666666667, -114.36666666666667, 108.25, 95.18333333333332, 85.25, 109.35000000000001, 100.7, 107.5, -192.45, 101.53333333333333, 89.75, -109.68333333333334, 97.6, 105.86666666666666, 111.81666666666666, 98.43333333333334, -88.16666666666666, 86.64999999999999, 103.55, 106.31666666666666, -303.8333333333333, 101.48333333333333, -206.0, 92.65, 115.03333333333335, 122.91666666666669, 116.4, 100.96666666666667, 103.63333333333334, -97.63333333333334, 113.65, 131.29999999999998, 104.56666666666666, 122.25, 101.48333333333333, 113.53333333333335, 97.53333333333333, 89.05, 121.23333333333333, -116.81666666666666, 103.31666666666668, 100.43333333333334, 98.19999999999999, 100.16666666666667, 123.78333333333333, 105.28333333333333, 121.70000000000002, 99.14999999999999, 111.75000000000001, 99.83333333333333, 133.68333333333334, 124.35, 114.95, 91.3, 90.4, 96.3, 126.73333333333333, -98.28333333333333, 113.95000000000002, 112.95, 131.5, 100.46666666666667, 98.33333333333333, 109.35, 109.66666666666667, 97.36666666666666, 123.11666666666667, 96.63333333333334, 119.75, 108.33333333333334, 85.05, 110.78333333333333, 103.08333333333334, 104.18333333333334, 101.45, 123.4, 102.46666666666667, 130.83333333333331, 96.01666666666667, 106.7, 106.88333333333333, 90.7, 116.31666666666666, 128.41666666666666, 100.1, 103.91666666666666, 102.28333333333333, 117.46666666666667, 99.96666666666667, 100.46666666666665, 134.2833333333333, 125.25, 129.75, 111.08333333333333, 105.88333333333333, 107.95, 113.63333333333334, 104.91666666666666, 104.64999999999999, 106.05000000000001, 103.96666666666667, 103.73333333333333, 119.93333333333334, 120.01666666666667, 130.46666666666667, 122.2, 116.76666666666667, 108.13333333333334, 97.73333333333333, 123.01666666666668, 98.18333333333332, 108.76666666666667, 102.5, 91.71666666666667, 117.41666666666669, 107.88333333333334, 132.48333333333335, 110.98333333333333, 96.16666666666667, 116.81666666666668, 102.61666666666666, 107.98333333333333, 101.88333333333333, 97.35000000000001, 111.85000000000001, 127.38333333333333, 107.44999999999999, 125.16666666666669, 115.28333333333333, 105.18333333333334, 118.60000000000001, 105.8, 97.8, 125.48333333333333, 127.46666666666667, 109.88333333333334, 111.6, 119.30000000000001, 125.94999999999999, 111.18333333333334, 105.66666666666667, 112.0, 111.76666666666667, 109.9, 105.6, 105.95, 99.93333333333334, 119.05000000000001, 118.35, 103.91666666666667, 110.18333333333334, 115.15, 119.93333333333334, 139.95, 125.48333333333333, 105.43333333333332, 124.78333333333333, 110.2, 126.68333333333332, 116.63333333333334, 120.05000000000001, 113.03333333333333, 95.55, 95.51666666666667, 135.68333333333334, 123.11666666666666, 96.25, 124.01666666666668, 125.48333333333333, 97.23333333333333, 113.76666666666667, 114.33333333333334, 114.78333333333333, 104.75, 110.05, 116.13333333333334, 106.9, 106.46666666666667, 102.23333333333333, 115.8, 111.65, 108.65, 118.08333333333334, 122.08333333333334, 117.16666666666667, 106.8, 116.15, 117.08333333333333, 134.23333333333332, 128.91666666666666, 98.25, 135.86666666666665, 143.11666666666667, 126.81666666666666, 136.21666666666667, 113.45, 107.80000000000001, 94.06666666666666, 118.33333333333333, 130.46666666666667, 100.05, 92.78333333333333, 131.98333333333332, 125.81666666666666, 98.38333333333333, 124.78333333333333, 127.78333333333333, 133.68333333333334, 131.6, 100.41666666666667, 116.76666666666667, 108.11666666666666, 113.38333333333333, 106.63333333333334, 114.88333333333333, 117.5, 105.36666666666667, 115.53333333333333, 116.76666666666667, 126.43333333333334, 127.15, 119.26666666666667, 132.01666666666668, 116.76666666666667, 133.68333333333334, 128.38333333333333, 123.6, 117.33333333333333, 94.14999999999999, 103.05000000000001, 104.43333333333334, 100.11666666666667, 115.91666666666667, 116.73333333333333, 107.46666666666667, 138.75, 112.3, 103.58333333333333, 116.61666666666666, 115.85000000000001, 122.76666666666668, 128.15, 106.55, 106.63333333333334, 106.43333333333332, 127.08333333333334, 110.01666666666667, 125.11666666666667, 120.28333333333333, 129.88333333333333, 118.35000000000001, 116.1, 106.63333333333334, 97.43333333333334, 104.93333333333332, 116.58333333333333, 125.11666666666667, 111.26666666666667, 110.38333333333333, 121.13333333333334, 134.81666666666666, 125.48333333333333, 113.5, 93.1, 125.48333333333333, 105.5, 118.21666666666667, 112.63333333333333, 103.51666666666667, 109.69999999999999, 113.9, 131.21666666666667, 107.43333333333334, 110.48333333333333, 131.48333333333332, 131.35, 124.98333333333333, 118.01666666666668, 111.86666666666667, 113.51666666666667, 135.68333333333334, 104.91666666666667, 126.31666666666666, 124.98333333333333, 107.58333333333333, 123.41666666666667, 118.58333333333334, 125.48333333333333, 98.31666666666666, 121.58333333333334, 109.88333333333333, 118.96666666666667, 100.71666666666665, 128.38333333333333],