{"Level 1-0": {"level": 1, "scoring_method": "dpamsa", "training_rewards": [-966.6666666666666, -1441.6666666666667, -1633.3333333333335, -1533.3333333333335, -1000.0, -1041.6666666666665, -916.6666666666667, -1150.0, -1283.3333333333335, -958.3333333333333, -1058.3333333333333, -841.6666666666666, -1300.0, -1041.6666666666665, -1158.3333333333335, -933.3333333333334, -958.3333333333333, -1050.0, -1308.3333333333335, -650.0, -883.3333333333334, -1041.6666666666667, -1058.3333333333335, -1066.6666666666665, -991.6666666666667, -791.6666666666667, -1383.3333333333335, -1283.3333333333335, -1166.6666666666667, -1300.0, -908.3333333333333, -1166.6666666666665, -1283.3333333333333, -900.0, -925.0, -1133.3333333333335, -941.6666666666666, -925.0, -858.3333333333333, -1375.0, -908.3333333333333, -1166.6666666666665, -1025.0, -575.0000000000001, -966.6666666666666, -1300.0, -1166.6666666666665, -1283.3333333333333, -1308.3333333333335, -900.0, -1141.6666666666665, -833.3333333333334, -1266.6666666666667, -575.0000000000001, -1491.6666666666667, -1325.0, -525.0, -1091.6666666666665, -1283.3333333333335, -891.6666666666667, -833.3333333333333, -1200.0, -983.3333333333333, -1083.3333333333335, -1258.3333333333335, -1316.6666666666665, -850.0, -1216.6666666666667, -1291.6666666666665, -916.6666666666667, -1300.0, -1141.6666666666665, -1033.333333333333, -1066.6666666666665, -1183.3333333333335, -1308.3333333333333, -875.0, -908.3333333333334, -1383.3333333333333, -1150.0, -491.66666666666663, -1308.3333333333335, -1191.6666666666665, -1425.0, -1208.3333333333335, -1333.3333333333333, -1241.6666666666667, -1875.0, -1266.6666666666665, -1016.6666666666666, -1066.6666666666665, -1066.6666666666665, -1250.0, -1066.6666666666665, -883.3333333333334, -1691.6666666666667, -1366.6666666666665, -1458.3333333333335, -1608.3333333333333, -1425.0, -1366.6666666666667, -1266.6666666666667, -1583.3333333333335, -1408.3333333333333, -1025.0, -1375.0, -1491.6666666666665, -1200.0, -1275.0, -633.3333333333334, -833.3333333333335, -1241.6666666666667, -1825.0, -1125.0, -1116.6666666666667, -1708.3333333333335, -1525.0, -1408.3333333333333, -1900.0, -1666.6666666666667, -1366.6666666666667, -1700.0, -783.3333333333334, -1366.6666666666665, -1283.3333333333335, -983.3333333333334, -1400.0, -1050.0, -1608.3333333333335, -1183.3333333333333, -891.6666666666666, -1166.6666666666665, -1208.3333333333333, -1400.0, -966.6666666666666, -1475.0, -808.3333333333334, -1025.0, -1291.6666666666665, -1050.0, -1450.0, -1041.6666666666667, -649.9999999999999, -816.6666666666666, -941.6666666666667, -1358.3333333333333, -700.0, -1191.6666666666667, -1450.0, -541.6666666666667, -841.6666666666666, -1466.6666666666667, -1491.6666666666665, -375.0, -841.6666666666667, -783.3333333333334, -1150.0, -691.6666666666666, -416.6666666666667, -1000.0, -1133.3333333333335, -1166.6666666666665, -875.0, -1300.0, -816.6666666666667, -858.3333333333334, -1058.3333333333335, -633.3333333333333, -1041.6666666666667, -1250.0, -875.0, -858.3333333333334, -791.6666666666667, -758.3333333333334, -350.0, -983.3333333333334, -999.9999999999999, -566.6666666666667, -1216.6666666666665, -1425.0, -1041.6666666666665, -1033.3333333333335, -533.3333333333333, -900.0, -516.6666666666667, -1150.0, -816.6666666666666, -875.0, -1258.3333333333333, -1366.6666666666665, -725.0, -941.6666666666667, -1000.0, -708.3333333333334, -541.6666666666666, -1016.6666666666666, -1066.6666666666665, -783.3333333333333, -441.6666666666667, -316.66666666666674, -816.6666666666667, -616.6666666666667, -883.3333333333333, -858.3333333333334, -716.6666666666667, -1166.6666666666665, -375.0, -1275.0, -850.0, -333.33333333333337, -816.6666666666666, -550.0, -358.3333333333333, -741.6666666666666, -433.33333333333337, -783.3333333333334, -891.6666666666667, -916.6666666666666, -558.3333333333334, -941.6666666666667, -1191.6666666666665, -616.6666666666667, -391.66666666666674, -283.33333333333337, -158.33333333333331, -608.3333333333334, -33.33333333333334, -466.66666666666674, -450.00000000000006, -183.33333333333334, -308.33333333333337, -441.6666666666667, -233.33333333333331, -366.6666666666667, -291.6666666666667, -183.33333333333331, -1008.3333333333334, -383.33333333333337, -383.33333333333337, -416.6666666666667, -191.66666666666669, -158.33333333333331, -208.33333333333331, -408.33333333333337, -341.66666666666674, -258.33333333333337, -475.0, -1025.0, -183.33333333333337, -158.33333333333334, -525.0, 16.666666666666686, -341.66666666666663, -408.33333333333337, -700.0, -158.33333333333331, -333.33333333333337, -391.6666666666667, -291.66666666666674, -375.0, -408.33333333333337, -158.33333333333331, 108.33333333333333, -50.0, -125.0, -224.99999999999997, -408.33333333333337, -366.66666666666663, -150.0, 16.66666666666667, -300.0, 350.0, 100.0, -83.33333333333334, -316.6666666666667, -458.33333333333337, -166.66666666666669, -16.666666666666657, 50.0, -325.0, -200.00000000000003, -166.66666666666666, -283.33333333333337, -100.0, -325.0, -25.0, -250.00000000000006, -58.333333333333314, 58.333333333333336, -483.33333333333337, 350.0, -116.66666666666669, 100.0, 183.33333333333334, 133.33333333333334, -133.33333333333331, 158.33333333333331, -333.33333333333337, -350.0, -316.6666666666667, -166.66666666666669, -41.66666666666666, -50.0, 108.33333333333334, -41.66666666666666, -191.66666666666669, -166.66666666666669, 91.66666666666669, -50.0, 58.33333333333334, -200.0, -41.66666666666666, 350.0, 350.0, -83.33333333333331, 133.33333333333334, -183.33333333333331, 350.0, -158.33333333333331, 16.66666666666667, -291.6666666666667, 350.0, -316.6666666666667, -75.0, -141.66666666666669, -91.66666666666669, -216.66666666666669, -83.33333333333334, -133.33333333333337, -216.66666666666669, -58.33333333333334, 58.33333333333334, -216.66666666666663, 183.33333333333334, -233.33333333333337, -100.0, -8.333333333333314, 58.33333333333334, 66.66666666666666, -125.0, 350.0, 66.66666666666667, -125.0, 350.0, 350.0, 66.66666666666669, -8.333333333333343, 350.0, 83.33333333333334, -341.6666666666667, 233.33333333333334, 183.33333333333334, -58.333333333333314, 350.0, 350.0, 350.0, 16.66666666666667, 350.0, 50.0, 150.0, 183.33333333333334, 158.33333333333331, -250.00000000000003, -133.33333333333334, -475.0, 350.0, -150.0, -141.66666666666669, -183.33333333333331, -216.66666666666669, -116.66666666666666, 350.0, -16.666666666666657],