{"Level 1-0": {"level": 1, "scoring_method": "edgealign", "training_rewards": [-103.33333333333333, -540.0, -410.0, -463.33333333333337, -920.0, -530.0, -170.00000000000006, -740.0, -686.6666666666667, -570.0, -520.0, -473.3333333333333, -553.3333333333334, -830.0, -540.0, -1030.0, -1033.3333333333335, -146.66666666666669, -820.0, -826.6666666666667, -673.3333333333334, -856.6666666666667, -650.0, -853.3333333333334, -646.6666666666667, -473.33333333333337, -556.6666666666667, -653.3333333333334, -736.6666666666667, -160.00000000000006, -730.0, -556.6666666666667, -73.33333333333336, -353.33333333333337, -363.33333333333337, -856.6666666666667, -623.3333333333334, -583.3333333333334, -390.0, -866.6666666666667, -436.66666666666674, -616.6666666666667, -586.6666666666667, -346.66666666666674, -750.0, -473.33333333333337, -650.0, -143.33333333333337, -643.3333333333334, -56.66666666666667, -206.66666666666663, -106.66666666666667, -553.3333333333334, -326.6666666666667, -686.6666666666667, -650.0, -536.6666666666667, -763.3333333333334, -356.66666666666674, -636.6666666666667, -450.0, -830.0, -940.0, -823.3333333333334, -466.6666666666667, -166.66666666666674, -776.6666666666667, -493.33333333333337, -750.0, -740.0, -590.0, -746.6666666666667, -416.66666666666674, -416.66666666666674, -936.6666666666667, -566.6666666666667, -686.6666666666667, -390.0, -580.0, -853.3333333333334, -766.6666666666667, -940.0, -30.0, -560.0, -653.3333333333334, -1013.3333333333334, -690.0, -386.6666666666667, -1016.6666666666667, -486.6666666666667, -920.0, -570.0, -806.6666666666667, -840.0, -1216.6666666666667, -780.0, -1006.6666666666667, -896.6666666666667, -983.3333333333334, -1366.6666666666667, -863.3333333333334, -643.3333333333334, -950.0, -823.3333333333334, -430.0, -920.0, -483.33333333333337, -403.33333333333337, -810.0, -843.3333333333334, -910.0, -490.0, -953.3333333333334, -680.0, -193.33333333333331, -810.0, -1120.0, -510.0, -540.0, -1016.6666666666667, -533.3333333333334, -463.33333333333337, -813.3333333333334, -193.33333333333331, -530.0, -533.3333333333334, -293.33333333333337, -533.3333333333334, -490.0, -513.3333333333334, -473.33333333333337, -373.33333333333337, -366.6666666666667, -56.66666666666667, -560.0, -540.0, -300.0, -500.0, -323.33333333333337, 1.4210854715202004e-14, -373.33333333333337, -273.33333333333337, -520.0, -500.0, -653.3333333333334, -393.33333333333337, -403.3333333333333, -610.0, -286.6666666666667, -773.3333333333334, -90.00000000000001, -103.33333333333336, -496.6666666666667, -290.0, -340.00000000000006, -256.6666666666667, -680.0, -143.33333333333337, -533.3333333333333, -360.0, -526.6666666666667, -176.66666666666669, -770.0, -510.0, -296.6666666666667, -343.33333333333337, -530.0, -446.6666666666667, -483.3333333333333, -540.0, -453.33333333333337, -386.6666666666667, -396.6666666666667, -546.6666666666667, -886.6666666666667, -363.33333333333337, -323.33333333333337, -610.0, -433.33333333333337, -506.6666666666667, -530.0, -640.0, -713.3333333333333, -506.66666666666663, -436.66666666666663, -613.3333333333334, -820.0, -546.6666666666666, -696.6666666666667, -430.0, -560.0, -866.6666666666666, -380.0, -620.0, -130.0, -396.66666666666663, -590.0, -716.6666666666667, -713.3333333333334, -336.6666666666667, -483.3333333333333, -746.6666666666667, -733.3333333333334, -426.66666666666674, -336.66666666666674, -556.6666666666667, -490.0, -486.66666666666674, -323.3333333333333, -746.6666666666667, -653.3333333333334, -590.0, -80.00000000000001, -583.3333333333334, -576.6666666666667, -500.0, -530.0, -713.3333333333334, -416.6666666666667, -466.6666666666667, -453.3333333333333, -560.0, -730.0, -626.6666666666667, -630.0, -3.3333333333333286, -693.3333333333334, -526.6666666666667, -686.6666666666667, -463.3333333333333, -623.3333333333334, -470.0, -636.6666666666667, -656.6666666666667, -393.33333333333337, -460.00000000000006, -516.6666666666666, -653.3333333333334, -86.66666666666667, -620.0, -416.66666666666663],