{"Level 1-0": {"level": 1, "scoring_method": "intellialign", "training_rewards": [-3670.653944911298, -3818.5533540533543, -3553.959015657545, -3749.7090142972493, -3561.9321171747642, -3716.4946292813943, -4150.613163252869, -3594.5232689423874, -3627.615870512929, -2436.7015114515116, -2205.2824370618487, -3437.6565316491783, -3645.623148637855, -3266.116433675257, -3942.952155143331, -1794.8834403613812, -3997.830499565794, -3338.7162943265885, -2625.377058127058, -3455.708240833241, -2610.216199650023, -4003.36359909154, -2975.2013169292577, -3147.5543391793394, -3783.9142132377424, -3712.223416017534, -3351.672878591996, -3368.291370394312, -3487.5077126033007, -3022.947789683084, -3726.911344918697, -2795.0510108083636, -3925.7255361740654, -3010.0867425058595, -3435.787837162837, -3661.3287975640915, -3074.344267932503, -3339.869393406158, -3026.082722560663, -3525.888907388907, -2905.3311000002172, -3732.626661464897, -3293.438329644212, -4207.467159746572, -3313.9569398466456, -3052.6108151108156, -3797.710085938028, -3474.2475416740117, -2750.49459745048, -2960.1466667863724, -2956.1713577816527, -3973.27452231864, -3267.323011955365, -2975.6753371900427, -3830.952321371439, -3256.976233461527, -2377.861407111407, -2537.272201654555, -3289.224381555264, -3384.5136834842715, -3308.03486410104, -3447.073122139299, -3018.203852520029, -3443.9422660672662, -3495.965989620402, -3224.0260929157985, -2643.5968133174015, -3323.099270283094, -3320.8479456273576, -3621.4767163664224, -3045.6216895849248, -3065.293126263714, -3656.8351544969187, -3501.823060109824, -2512.8785473785474, -3664.7139113609696, -3836.266985465514, -1996.5091297591296, -2239.472767972768, -3210.3334299143125, -3088.256316123963, -2390.6520701520703, -2494.5540543334664, -3332.8724551592195, -3026.761982842865, -2824.260663356252, -3192.2320519894047, -2749.5613604804785, -3334.650618172677, -2753.8978238537065, -3470.2470993059223, -3178.269593968123, -3515.0470874441457, -2749.1168319697736, -2910.233025416849, -3256.545682530976, -3549.031718553778, -3038.428120082532, -2584.9587463190405, -2818.3102066778542, -2775.678807847926, -3513.987358502064, -3627.135804010804, -2666.9997975880333, -3270.23694170753, -3570.156869818635, -3191.2645287718815, -3370.1958330340685, -3749.849760533584, -3637.6102084190316, -2625.9859938536406, -4181.803933267169, -3317.572329631153, -3973.755199865494, -3340.597184406008, -3585.1258330449505, -4120.605576068811], "losses": [189.62081909179688, 189.3535919189453, 189.15536499023438, 187.4308624267578, 189.35057067871094, 189.60574340820312, 190.8763885498047, 190.97401428222656, 187.30682373046875, 189.8570098876953, 187.74606323242188, 187.11131286621094, 187.0373077392578, 187.20765686035156, 188.62452697753906, 189.1389617919922, 186.18605041503906, 188.3821563720703, 187.2398681640625, 187.71495056152344, 189.583740234375, 187.03831481933594, 187.76150512695312, 189.3520965576172, 188.5785369873047, 186.62496948242188, 186.85720825195312, 193.87799072265625, 185.48048400878906, 184.78599548339844, 186.61981201171875, 185.56309509277344, 189.36175537109375, 184.68423461914062, 189.65757751464844, 187.99237060546875, 184.91799926757812, 185.92037963867188, 181.90687561035156, 188.1504364013672, 185.03497314453125, 186.83030700683594, 186.81495666503906, 184.88662719726562, 184.50953674316406, 185.5010223388672, 188.4638671875, 182.81680297851562, 187.90927124023438, 187.5791778564453, 179.91986083984375, 187.85928344726562, 179.6360626220703, 182.66156005859375, 182.59828186035156, 185.87095642089844, 181.64630126953125, 181.9696044921875, 178.475830078125, 178.0565948486328, 183.22531127929688, 181.53643798828125, 182.87168884277344, 182.6433868408203, 177.16473388671875, 185.14308166503906, 183.62586975097656, 185.21275329589844, 184.0208740234375, 184.12301635742188, 180.18756103515625, 182.27191162109375, 184.2560272216797, 181.51351928710938, 180.20875549316406, 176.5000457763672, 182.90797424316406, 183.2401885986328, 178.21653747558594, 182.44493103027344, 180.53369140625, 181.92201232910156, 184.34225463867188, 183.970947265625, 179.7005615234375, 182.70083618164062, 178.28460693359375, 183.14146423339844, 180.10519409179688], "eval_results": {"avg_reward": -3318.8794514037168, "avg_sp_score": -0.6703703703703704, "perfect_match_rate": 0.0, "column_accuracy": 0.03888888888888889, "avg_alignment_length": 18.0, "reward_std": 409.35253278130443, "sp_score_std": 0.547020862871801, "all_rewards": [-3412.6846734420265, -3278.5071189703544, -3248.314772917714, -3974.9351628763393, -3321.072567410803, -2678.9069680319676, -2974.390766368708, -3516.943307237425, -3270.911694514636, -3820.558809382339, -3247.9442183633364, -3383.7348849407676, -3207.4815527609644, -3323.0599357069946, -3654.096105963753, -4226.713555779733, -3165.9439033189033, -2934.7786453742337, -3392.2148611192724, -2344.395523594053], "all_lengths": [18, 18, 18, 18, 18, 18, 18, 18, 18, 18, 18, 18, 18, 18, 18, 18, 18, 18, 18, 18], "alignments": [["Q--------P--------", "-GP-QLSFH-FG------", "Q-PQMS-F-SF---G---"], ["Q----P-NL---S-----", "-GPQL----SFHFG----", "Q-----P-Q-MSF-S-F-"], ["--Q---P-------N---", "GPQLSFHFG---------", "Q-P-QMSF------SF--"], ["------------------", "-GPQLSFHFG--------", "Q---------------P-"], ["----Q----P------N-", "GPQL-SFHF-G-------", "Q--PQM-S-F---SF-G-"], ["Q-----P------N----", "GPQLSFHFG---------", "Q-PQ-MSFSF--G-----"], ["Q-P----N----------", "GP-QLSF-HFG-------", "QPQ--MSFS----F----"], ["Q------P----------", "-GPQLSF-HFG-------", "Q----P-QMS--F-S---"], ["QP--N---L---------", "G-PQ-LSF-HFG------", "Q---P-QMS-F---SF-G"], ["-Q----------------", "GPQLSFHFG---------", "-Q--PQ-----MS----F"], ["-----------Q------", "GPQLSFHFG---------", "Q----P-Q-M-S--F-SF"], ["-----------Q------", "GPQLSFHFG---------", "Q-PQ-M-----S-F--S-"], ["Q---P-------------", "-GPQL-SFHFG-------", "Q---PQMSF-----S-FG"], ["Q-----------------", "GP-QLSFHF-G-------", "Q-PQ--M--SF---S---"], ["Q--P------------N-", "-GP--QLSFHFG------", "Q-P-QMS-F-S-----F-"], ["Q-----------------", "--GPQLSFHF-G------", "-Q-P------Q------M"], ["------Q------P-N--", "GPQLSFHFG---------", "Q--P-QM-SF-S-F-G--"], ["Q-----------------", "GPQLSFHFG---------", "Q----P----Q--MSF--"], ["Q---------------P-", "-GPQL-SFHFG-------", "Q-P--QM----SFS--F-"], ["QP--------N-------", "GP--QLSFHF-G------", "QPQM--SF--S-------"]], "state_sp_correlations": 