{"Level 1-0": {"level": 1, "scoring_method": "msadrl", "training_rewards": [-2751.9041892203654, -3148.925618227089, -3107.6295300560005, -3559.4731793261203, -2853.285359792713, -2941.525900570018, -2765.1292811219287, -3071.3126375258726, -3501.227663948252, -3327.520352740941, -3366.544425073837, -3002.1286121286116, -2320.864807850102, -3036.850075305958, -3366.904653081124, -3462.1331990449635, -2893.22623863065, -2855.17510675599, -2967.6138512903217, -2891.137828674593, -3414.87829708418, -2457.5114972173797, -3527.573836838543, -2766.428017788312, -3363.9434231345995, -2357.351092534916, -2615.79252582929, -3678.1805313422965, -2824.3936972613446, -3580.1651765990005, -3126.799680439387, -3318.8211135269958, -3519.1840648458297, -2703.219453476806, -2567.4232099599744, -2640.737050259109, -2862.796945701358, -2855.3666091533732, -2564.2515749501044, -2133.6545861545865, -3234.1572833484606, -3139.1707747590103, -1705.4217582526405, -1834.5697589447589, -2673.3337604661133, -3155.565155160743, -2529.661359881948, -3056.037668758257, -2965.416481666481, -3399.8489514298335, -3126.8739688960272, -2941.812056407644, -3016.832188780718, -1036.1815036815037, -2717.665479944892, -1659.523115773116, -2133.573028278911, -1789.6216746216746, -1772.5111040919862, -2373.857040290864, -2381.6862073112075, -1724.0764518705694, -1885.7790820290818, -1290.3378565878568, -1397.0427720427722, -1990.4740629740627, -1974.4373437020497, -1452.8295778295778, -2769.303383163677, -1388.9981083731084, -1203.1806156806156, -2474.965806252571, -2232.132482169247, -2272.192552817553, -2865.432084255614, -2090.4705017205015, -894.2659655159655, -2011.5310615310611, -2558.959773886245, -1394.7075147075145, -2209.2829311211663, -1154.5612258112258, -2407.539814488344, -2557.3665590944997, -1835.9015099823919, -1858.9411446396741, -2529.4524225774226, -2327.728113389878, -2151.0948174918767, -2808.9786411845234, -2149.98852998853, -2529.0827065091776, -2954.8976432064665, -1278.713323713324, -1801.6121977151388, -2295.232564276682, -3086.9793863543864, -1867.0722618884383, -3041.321585549527, -2720.9998865513576, -2316.4068325465387, -1748.7519302592827, -2459.7269370063486, -3327.0630622101207, -3097.0444996180286, -2342.8809385059385, -3003.9226228564467, -2956.0918901360083, -1582.8119497604791, -2649.092802622215, -2235.859505418329, -2570.884307685779, -2330.287939184998, -2511.7483673733673, -2451.72587488764, -2424.7892344583515, -2988.5456156044393, -2367.920025236202, -3306.165301202066, -2706.7355833164656, -3187.724980629392, -2533.5841500547385, -2824.5119219016283, -2990.6179251032186, -3013.7379899512252, -2975.274955164661, -2468.953353291589, -2795.389575021928, -2667.974137790314, -3052.1897370059137, -1863.9553842127375, -2764.61807527984, -2949.2644256614844, -2981.1220900559138, -3121.022132823603, -2763.280872177931, -2678.0419580419584, -3246.626816810641, -3198.103571265336, -2784.507115977704, -2854.3424875777814, -3023.8024121847657, -3108.5938938512463, -2852.8016550443026, -2925.4170829170826, -2899.9882973780036, -3232.51312141018, -2980.2384407531463, -1792.4063477372301, -2602.756298712181, -2630.4927575148163, -2509.262277754925, -2328.3872486446016, -2912.125260360555, -2386.1850894203835, -3273.743998376351, -2918.5797807856625, -3349.2171159450572, -2288.444795944796, -2765.975223034046, -2736.679053517289, -2647.0116648057824, -3462.4287055537056, -3438.8513229689697, -3276.2337104616518, -2296.4793621411263, -3377.6418937815997, -2228.7594118844117, -2510.8382752868047, -2537.407150311562, -3301.6646398264047, -2939.076322642499, -1311.9036260580378, -3044.082520148697, -2758.9818133935782, -2608.2117147558324, -2516.8230149480146, -1972.50660287425], "losses": [168.43441772460938, 169.56854248046875, 169.36746215820312, 169.63702392578125, 171.15760803222656, 168.7484588623047, 167.181640625, 168.43824768066406, 163.66297912597656, 166.33596801757812, 168.9114227294922, 167.4188232421875, 164.8481903076172, 166.9168701171875, 168.22576904296875, 165.559814453125, 163.0095977783203, 160.894287109375, 160.99771118164062, 165.93821716308594, 162.90289306640625, 167.72286987304688, 162.88731384277344, 163.05560302734375, 164.87612915039062, 166.8813018798828, 162.3866729736328, 160.60671997070312, 159.5216827392578, 159.24200439453125, 160.9822998046875, 156.32814025878906, 154.8333282470703, 155.7020721435547, 162.939697265625, 159.3134765625, 155.99948120117188, 156.66818237304688, 152.3294677734375, 156.2976531982422, 153.59222412109375, 152.29122924804688, 151.8439483642578, 153.25521850585938, 150.77523803710938, 151.55531311035156, 151.1494140625, 153.09449768066406, 156.54623413085938, 154.1236572265625, 153.6494140625, 151.07711791992188, 152.2613983154297, 145.95547485351562, 149.95130920410156, 151.83006286621094, 145.0474395751953, 149.07362365722656, 142.6326141357422, 148.80130004882812, 149.18821716308594, 145.7646026611328, 146.88938903808594, 143.598876953125, 148.78741455078125, 147.9415283203125, 147.22860717773438, 142.81613159179688, 145.26116943359375, 143.86550903320312, 146.16326904296875, 148.12606811523438, 144.4747314453125, 146.92552185058594, 145.17929077148438, 144.27513122558594, 143.41531372070312, 143.00643920898438, 143.71282958984375, 145.489013671875, 147.19117736816406, 145.00680541992188, 139.49806213378906, 149.87608337402344, 146.68418884277344, 147.81167602539062, 140.69757080078125, 144.66256713867188, 142.52899169921875, 147.2661895751953, 143.31802368164062, 147.21420288085938, 149.53904724121094, 148.04476928710938, 142.33775329589844, 143.6339874267578, 146.39598083496094, 146.60655212402344, 147.1514434814453, 144.42385864257812, 145.9866943359375, 142.81866455078125, 145.67202758789062, 145.2434844970703, 142.80270385742188, 148.64845275878906, 144.4873809814453, 148.8931427001953, 142.65682983398438, 150.4296112060547, 146.0519561767578, 143.80718994140625, 150.02024841308594, 145.07383728027344, 148.20535278320312, 151.33363342285156, 143.9064483642578, 149.7292938232422, 146.2554168701172, 148.6212615966797, 146.26419067382812, 146.64215087890625, 148.17234802246094, 144.26473999023438, 144.84255981445312, 148.55181884765625, 146.38723754882812, 148.7788543701172, 146.31317138671875, 148.2849578857422, 149.64413452148438, 150.4809112548828, 146.3201141357422, 147.61233520507812, 148.5308837890625, 148.86383056640625, 144.2425537109375, 145.89010620117188, 150.2475128173828, 144.91317749023438, 154.30743408203125, 151.66854858398438, 143.36117553710938, 146.55792236328125, 147.30322265625, 147.29324340820312, 146.7491455078125, 149.47183227539062, 151.7756805419922, 146.72726440429688], "eval_results": {"avg_reward": -2610.0499395076604, "avg_sp_score": -0.8842592592592593, "perfect_match_rate": 0.0, "column_accuracy": 0.05555555555555556, "avg_alignment_length": 18.0, "reward_std": 465.56724686164114, "sp_score_std": 1.1333102605978673, "all_rewards": [-2681.297622584387, -2014.245966451849, -2560.062459327165, -2230.1157040127628, -2847.386896872191, -3123.1843891402714, -3382.586816777992, -3144.9225080475085, -2314.7492893816425, -2059.749558720147, -3324.53453953454, -2194.5180772386657, -2561.7090738781917, -3247.487723333312, -1882.9491600447482, -2203.2370625017684, -2680.06258719494, -3099.9622694843283, -2180.6633399280454, -2467.5737456987454], "all_lengths": [18, 18, 18, 18, 18, 18, 18, 18, 18, 18, 18, 18, 18, 18, 18, 18, 18, 18, 18, 18],