{"Level 1-0": {"level": 1, "scoring_method": "rlalign", "training_rewards": [7.460178710178681, -446.0903271565037, -273.93381359925485, -256.94642911554683, -422.3743663743664, -265.35425658219776, -392.58821352939003, -669.4142027634675, -205.3367932448815, -433.4173054614231, -971.0127756230697, -358.55674010085784, -681.8799218210984, -276.96984633014046, -349.3279822029822, -314.0503512010865, -753.5368393861041, -776.8794658500541, -768.455015164574, -378.4500639610934, -373.45023127743724, -309.2975738858092, -81.3073062558357, -571.005652027711, -676.886482662218, -215.1027848785202, -974.1474980629392, -663.1999711889418, -240.94105458811342, -871.4451402355814, -29.20696664446666, -241.32100021438262, -236.43388746329921, -590.7338727449022, -29.614915177415227, -674.7754078709961, -473.3409070504659, -782.2264297521651, -341.0918029410677, -517.0347083472084, -427.79280020088845, -745.2466479598833, -250.7320601511778, -31.251347780759517, -82.32298910240087, -975.4979670384083, -252.5854288685171, -772.4116928822812, -451.9159745483275, -447.9460315011786, -267.3912012551719, -665.5605358693595, -574.1909303931363, -472.0650532746121, -452.050248498778, -574.8755514637867, -384.758582512259, -515.6680887195594, -574.5252964627964, -377.00234011631073, -579.5593171806407, -680.6529682191447, -67.75080393462747, -681.309101709837, -659.5657521944287, -375.0987589480237, -101.95533592224763, -254.14116479925306, -51.877007252007274, -353.29405031243266, -61.56085077776258, -461.6675835058188, -460.20412988427694, -1179.847016817605, -235.5601606998666, -776.8747945953828, -100.35036940184, -358.83343630770105, -256.6105547502607, -60.79555765585175, -38.34997641247645, -512.3290806415806, -480.0752390311213, -60.993688773100544, -523.0187126326832, -251.8909087916441, 22.596227846227848, -765.8450214001684, -92.96300254756143, -55.175283594401265, -11.468314093314092, -261.4624275506628, -259.46352122822714, 86.61624486624487, -311.55480263200855, -1.2766122766122692, -256.2946144269674, 46.66920837876719, 29.292545417545426, -277.0736519743873, -258.25066015139544, -243.13667323961442, 10.603354978355, -272.52778784396435, -42.493007265066126, 48.50453944203942, 12.115259740259745, -351.38082492126614, -473.7246677614325, -340.2461553968907, -260.8067005162594, -79.9684444096209, -6.4504014504014435, -270.5522821405175, -686.4564134122959, -70.98693762664352, -453.86136943122244, -31.716487216487238, -154.5453408247526, -34.66489066489072, -263.70875543302014, -198.94511656644013, -666.9256174109116, -244.33285859021152, -79.1597779943369, -72.60733901175072, -570.4115677350973, -330.87375764214005, -288.01642760833937, 82.46750009250007, -77.2796148568208, -248.81784582519882, -63.97002140016846, -334.9975373210667, 77.40803640803638, -660.9808088153677, -728.3016260700085, -198.99428050163345, -778.1803501509384, -342.2088386831034, -677.1252207759561, -761.9801587301588, -264.10901163107053, -974.3122222276635, -774.3079355285238, -671.3424240519829, -363.4606703209645, -586.1808708720473, -678.0376902509256, -734.4513786866728, -417.6434466949173, -663.2353783199371, -970.2022058823529, -440.60266979752276, -954.4907597848775, -1064.2876758317934, -555.1730226472873, -970.5605697407168, -776.4397049029402, -475.95792170792174, -232.74458969679557, -290.72151418842594, -555.4715911811501, -736.054829565859, -354.8205166293402, -473.5952640768818, -430.87654366330844, -253.35969327513448, -1054.925728274993, -275.26290743570155, -680.5499618845207, -23.14404345654347, -869.7302802045449, -678.6394516431282, -378.68673592203004, -480.43395561410273, -567.7791308636897, -366.51181389416683, -773.1244082714671, -776.8642125848008, -456.3100653431536, -777.702018161577, -875.5355088810971, -972.6149270119859, -674.5351949249008, -343.8684492250669, -874.1725385181269, -554.0679353326412, -545.2741226638286, -635.2556936527525, -506.79240190637256, -237.25695260621734, -849.9248085792203, -684.984496984497, -667.2376996641703], "losses": [25.212501525878906, 25.068416595458984, 26.29057502746582, 25.87508773803711, 24.43981170654297, 19.70296859741211, 26.70772361755371, 23.927980422973633, 26.344694137573242, 25.0561466217041, 23.222209930419922, 26.211545944213867, 22.192768096923828, 26.388097763061523, 27.707111358642578, 24.970090866088867, 20.068588256835938, 26.398555755615234, 25.127094268798828, 23.748985290527344, 24.32122039794922, 24.24056053161621, 25.583559036254883, 21.594345092773438, 24.55168342590332, 23.3995361328125, 28.802677154541016, 28.04205322265625, 24.5634708404541, 26.91161346435547, 21.686283111572266, 26.85768699645996, 24.909759521484375, 24.67296028137207, 24.626543045043945, 25.686010360717773, 23.370512008666992, 24.573394775390625, 27.494081497192383, 22.402545928955078, 24.64307975769043, 20.449819564819336, 23.183605194091797, 23.578771591186523, 25.052478790283203, 24.21021270751953, 28.637948989868164, 24.75749969482422, 29.3700008392334, 27.681751251220703, 27.39600372314453, 25.95858383178711, 25.00554847717285, 25.9216365814209, 24.248762130737305, 30.522296905517578, 29.37706184387207, 24.777549743652344, 19.818437576293945, 25.3203125, 26.802038192749023, 25.159988403320312, 18.501596450805664, 23.766881942749023, 30.237239837646484, 28.703279495239258, 20.218042373657227, 25.280147552490234, 19.553897857666016, 27.543237686157227, 22.681419372558594, 20.901588439941406, 22.452749252319336, 22.63727569580078, 19.614700317382812, 26.3009033203125, 20.020069122314453, 27.23835563659668, 19.271520614624023, 20.630895614624023, 19.409177780151367, 18.430938720703125, 22.009679794311523, 20.260711669921875, 17.736244201660156, 22.943458557128906, 21.75481414794922, 22.835418701171875, 24.745372772216797, 22.318275451660156, 20.950428009033203, 25.95874786376953, 21.615478515625, 21.35201644897461, 25.900114059448242, 29.68311309814453, 19.00723648071289, 21.17742156982422, 22.418550491333008, 24.825733184814453, 18.890636444091797, 21.722755432128906, 16.883726119995117, 24.039085388183594, 18.406278610229492, 20.562166213989258, 17.511383056640625, 23.211118698120117, 21.520938873291016, 20.789478302001953, 23.965286254882812, 23.491374969482422, 23.47911834716797, 19.886455535888672, 27.764751434326172, 24.55234146118164, 25.366958618164062, 24.67292594909668, 21.793102264404297, 18.066591262817383, 19.106483459472656, 27.369062423706055, 16.3042049407959, 25.226869583129883, 20.801448822021484, 21.41106605529785, 22.157453536987305, 20.42171859741211, 18.569900512695312, 23.145280838012695, 26.854156494140625, 24.436506271362305, 19.868986129760742, 27.449783325195312, 18.677536010742188, 17.458803176879883, 21.01456069946289, 24.006919860839844, 21.171463012695312, 20.58369255065918, 21.87831687927246, 24.729887008666992, 17.202909469604492, 15.923746109008789, 22.118492126464844, 23.50389289855957, 22.695735931396484, 23.869558334350586, 22.638383865356445, 26.06770133972168, 29.542804718017578, 30.78771209716797, 30.033016204833984, 26.35788917541504, 21.037311553955078, 26.899171829223633, 22.42626190185547, 20.43679428100586, 24.956947326660156, 28.586896896362305, 22.872692108154297, 25.3779239654541, 25.032032012939453, 24.8438777923584, 26.18638038635254, 26.488365173339844, 21.871213912963867], "eval_results": {"avg_reward": -765.6269112831613, "avg_sp_score": -1.6055555555555556, "perfect_match_rate": 0.0, "column_accuracy": 0.01111111111111111, "avg_alignment_length": 18.0, "reward_std": 252.718277046426, "sp_score_std": 1.296363754858503, "all_rewards": [-579.5614694401459, -475.55719906455204, -1110.7578687652217, -972.9446724299667, -578.7136885445709, -808.699223026429, -477.77647679118274, -462.6325616105028, -976.8088737243149, -1055.001353085912, -172.25365769851066, -575.4525781952252, -609.2532807606337, -974.379237864532, -1083.0487363943246, -1030.0740931182108, -778.1439744895628, -843.5974276268394, -875.6613869518281, -872.2204660807603],