{"Level 1-0": {"level": 1, "scoring_method": "true", "training_rewards": [-196.5099933862434, -96.14644841269842, 7.829325396825396, -392.6968386243386, -293.51909391534394, -173.98441137566138, -498.4751851851852, -480.49070105820107, -99.724041005291, -396.14517195767195, 9.684636243386244, -296.5235912698413, -271.2547288359788, -495.1185978835979, -192.13808862433862, -77.55472883597884, -297.66527777777776, -475.0310185185185, 6.486501322751322, -397.97878306878306, -197.64721560846561, 5.687096560846561, -79.80822089947091, -99.60832671957672, -199.62368386243386, -397.71376322751325, -398.80261904761903, -199.59463624338625, -697.7544775132275, -293.40521825396826, -495.8730291005291, -197.90563492063492, -98.69428571428571, -89.8396626984127, -397.23141534391533, -191.1608068783069, -399.63237433862435, -499.724041005291, -199.57939814814816, 13.003736772486771, -394.2836111111111, 17.16044312169312, 8.609947089947092, 21.94308201058201, -287.02511243386243, -189.7195568783069, -291.5547552910053, 7.347182539682539, -92.12439814814815, -496.4164484126984, 9.723948412698412, -497.40795634920636, -99.81570767195767, -599.8686838624338, -492.1720833333333, 8.673756613756614, -199.60416005291006, -283.7899007936508, -297.89194444444445, 31.523273809523808, -300.0145171957672, -199.73368386243385, -295.1213425925926, -169.75034391534393, -600.0074933862434, 25.800191798941793, -295.03056878306876, 11.112764550264549, 15.388035714285714, -195.39098544973544, -95.51871693121693, -273.7992923280423, -199.87094576719576, -74.71701058201057, 8.635185185185186, 46.89878306878307, 16.920740740740744, -98.92190476190476, -97.95027777777777, 6.125191798941799, 11.791653439153439, 26.81119047619047, 27.216845238095235, -97.9901917989418, 9.019636243386243, -200.14916005291005, -72.1785052910053, 11.216765873015872, 8.283756613756614, -182.08152116402115, -297.17010582010585, 9.35327380952381, -97.65420634920635, 25.397460317460315, -96.40868386243386, -291.3446164021164, 23.70533068783069, -179.3257208994709, 25.383379629629626, -199.93642195767197, 31.536878306878304, 30.60845899470899, -192.4962962962963, 9.953478835978835, 30.75576058201058, 12.455244708994709, 28.045218253968255, 32.82310846560846, -94.98800264550265, 7.6632208994708995, -92.43944444444445, -78.54798941798941, 9.529695767195767, -395.4226521164021, 14.663458994708995, -176.59405423280424, -95.11854497354497, -496.7227314814815, -194.81464285714287, -175.70863756613755, 39.62153439153439, 29.54429894179894, -59.412294973544974, 48.829695767195766, 32.95560185185185, 47.90372354497354, -176.88737433862434, -477.58915343915345, 57.88005291005291, 25.54088624338624, 28.555992063492063, -373.9515013227513, 10.364576719576718, -79.4966732804233, -76.38839285714286, 13.429444444444444, -72.48345238095239, 29.78037037037037, -174.5947156084656, 29.503703703703707, 18.45933201058201, 27.9727380952381, 10.200998677248677, -277.5251058201058, 5.281276455026455, -78.31855820105821, 59.400621693121685, -189.12049603174603, 37.31841269841269, 29.88420634920635, 37.3175925925926, 17.926772486772485, 23.57720238095238, 27.826302910052902, 6.981541005291005, 16.076164021164022, 25.870238095238093, 30.42393518518518, -174.9734060846561, -479.54500661375664, 49.187407407407406, -66.2235582010582, 27.726746031746032, 20.967890211640213, 27.79198412698413, 26.74232804232804, -172.73555555555555, -276.2560119047619, 29.368829365079364, -176.64660714285716, 25.592182539682536, 8.689728835978837, 25.71330687830688, 23.455456349206347, -74.50025793650794, -166.14589947089948, 6.159722222222222, 11.687228835978836, 27.684140211640212, 26.834226190476183, 12.151203703703704, 38.236428571428576, 11.810648148148147, 27.77042328042328, 15.585482804232804, 24.013895502645504, 5.702943121693121, 24.063306878306875, 30.577982804232803, 26.07281084656084, 31.558525132275133, 15.078009259259261, 9.24061507936508, 16.90269841269841, 26.393247354497355, 35.78650793650794, 27.655674603174603, 24.684623015873015, 78.3749007936508, 7.9967460317460315, 30.173386243386243, 25.389900793650796, 6.79598544973545, -175.72530423280423, 10.720449735449733, 28.981448412698406, 26.10327380952381, -191.2417791005291, -77.47844576719577, 33.9042791005291, -97.11463624338624, -279.1897685185185, 15.73972222222222, 4.694742063492064, 16.586712962962963, -172.12865740740742, 5.210324074074073, 28.947566137566135, 29.489001322751324, 25.85652116402116, 25.87114417989417, 31.93244047619047, 15.51361111111111, 7.9335383597883595, -74.01310185185184, 34.22035052910053, 22.432017195767195, 26.08685846560846, 27.34328703703704, -176.75625, -96.64564153439153, 28.59335317460317, -177.85593915343915, 26.625277777777775, 13.225839947089945, 6.243128306878307, 17.049179894179897, 8.123822751322752, -277.9237962962963, 7.839345238095238, 24.879173280423274, -94.07775132275133, 11.145595238095236, -197.5945634920635, 26.650714285714283, 26.294834656084653, -79.58560185185185, 27.47, 12.19404761904762, 8.024847883597882, 31.359431216931213, 21.924801587301584, 26.784999999999997, 60.622208994708984, 27.494682539682547, 18.677156084656083, -177.66546296296298, -371.21472883597886, -89.84369047619047, 28.589973544973546, 36.66038359788359, 34.28665343915344, -89.46821428571428, 25.104867724867724, 9.14308201058201, 55.92050264550265, 10.689272486772486, 22.24054894179894, 27.82261243386243, 27.05434523809523, 8.468584656084657, 28.251256613756613, 28.424616402116403, 26.019140211640213, 28.26072751322751, 29.550482804232804, 30.696646825396826, 14.144021164021161, 9.975079365079363, 30.729861111111113, 25.758141534391534, 65.24606481481482, 25.285191798941796, 27.25446428571428, 8.276395502645503, 18.523300264550265, 12.950496031746031, 26.099120370370365, 29.06261904761905, 34.524517195767196, -87.91249338624338, 27.441402116402116, 26.15062169312169, 13.950403439153437, -73.27796957671958, -78.22287037037037, 26.816554232804236, 31.188167989417988, 20.6630753968254, 10.806064814814814],